name;people to move;x;y
________ ________ ___ _______ ______;5.0;27.720559299999998;42.6601365
_____ _____ _______;0.0;28.0406391;43.285571000000004
"""_______""";60.0;28.051244899999997;43.343346600000004
______ ________;0.0;27.6961748;42.417262799999996
______;1.0;27.914733299999998;43.2140504
__________;6.0;27.758754200000002;42.7134032
_____ ___ _____;6.0;23.3218675;42.69770820000001
_______;1.0;25.6896757;43.1208016
________ ____;0.0;25.6344644;42.425776899999995
